<?xml version="1.0" encoding="UTF-8"?>
<jboss-deployment-structure xmlns="urn:jboss:deployment-structure:1.1">
	<deployment>
        <exclusions>
           <module name="org.jboss.resteasy.resteasy-jackson-provider"/>
           <module name="org.jboss.resteasy.resteasy-jettison-provider"/>
        </exclusions>
         <dependencies>
             <!-- Uncoment for use jackson 2 with wildfly 9 -->
            <!--module name="org.jboss.resteasy.resteasy-jackson2-provider"/ -->
        </dependencies>
    </deployment>
</jboss-deployment-structure>